"TABLE_NAME","INDEX_NAME","NON_UNIQUE","SEQ_IN_INDEX","COLUMN_NAME","COLLATION","CARDINALITY","SUB_PART","NULLABLE","INDEX_TYPE"
"absensi","absensi_dikoreksi_oleh_foreign","1","1","dikoreksi_oleh","A","4",NULL,"YES","BTREE"
"absensi","absensi_user_id_tanggal_unique","0","1","user_id","A","35",NULL,,"BTREE"
"absensi","absensi_user_id_tanggal_unique","0","2","tanggal","A","665",NULL,,"BTREE"
"absensi","PRIMARY","0","1","id","A","665",NULL,,"BTREE"
"cache","cache_expiration_index","1","1","expiration","A","0",NULL,,"BTREE"
"cache","PRIMARY","0","1","key","A","0",NULL,,"BTREE"
"cache_locks","cache_locks_expiration_index","1","1","expiration","A","0",NULL,,"BTREE"
"cache_locks","PRIMARY","0","1","key","A","0",NULL,,"BTREE"
"failed_jobs","failed_jobs_connection_queue_failed_at_index","1","1","connection","A","0",NULL,,"BTREE"
"failed_jobs","failed_jobs_connection_queue_failed_at_index","1","2","queue","A","0",NULL,,"BTREE"
"failed_jobs","failed_jobs_connection_queue_failed_at_index","1","3","failed_at","A","0",NULL,,"BTREE"
"failed_jobs","failed_jobs_uuid_unique","0","1","uuid","A","0",NULL,,"BTREE"
"failed_jobs","PRIMARY","0","1","id","A","0",NULL,,"BTREE"
"izin_absen","izin_absen_diproses_oleh_foreign","1","1","diproses_oleh","A","7",NULL,"YES","BTREE"
"izin_absen","izin_absen_user_id_foreign","1","1","user_id","A","15",NULL,,"BTREE"
"izin_absen","PRIMARY","0","1","id","A","15",NULL,,"BTREE"
"jadwal_libur","diproses_oleh","1","1","diproses_oleh","A","3",NULL,"YES","BTREE"
"jadwal_libur","PRIMARY","0","1","id","A","3",NULL,,"BTREE"
"jadwal_libur","user_id","1","1","user_id","A","3",NULL,,"BTREE"
"jobs","jobs_queue_index","1","1","queue","A","0",NULL,,"BTREE"
"jobs","PRIMARY","0","1","id","A","0",NULL,,"BTREE"
"job_batches","PRIMARY","0","1","id","A","0",NULL,,"BTREE"
"karyawan_tunjangan","karyawan_tunjangan_tunjangan_master_id_foreign","1","1","tunjangan_master_id","A","14",NULL,,"BTREE"
"karyawan_tunjangan","karyawan_tunjangan_user_id_foreign","1","1","user_id","A","28",NULL,,"BTREE"
"karyawan_tunjangan","PRIMARY","0","1","id","A","28",NULL,,"BTREE"
"kasbon","PRIMARY","0","1","id","A","4",NULL,,"BTREE"
"kendaraan","PRIMARY","0","1","id","A","0",NULL,,"BTREE"
"kerja_hari_libur","kerja_hari_libur_tanggal_index","1","1","tanggal","A","0",NULL,,"BTREE"
"kerja_hari_libur","kerja_hari_libur_user_tanggal_unique","0","1","user_id","A","0",NULL,,"BTREE"
"kerja_hari_libur","kerja_hari_libur_user_tanggal_unique","0","2","tanggal","A","0",NULL,,"BTREE"
"kerja_hari_libur","PRIMARY","0","1","id","A","0",NULL,,"BTREE"
"kode_absen","kode_absen_tanggal_user_unique","0","1","tanggal","A","230",NULL,,"BTREE"
"kode_absen","kode_absen_tanggal_user_unique","0","2","user_id","A","230",NULL,"YES","BTREE"
"kode_absen","PRIMARY","0","1","id","A","230",NULL,,"BTREE"
"komplain_karyawan","fk_komplain_pencatat","1","1","dicatat_oleh","A","0",NULL,,"BTREE"
"komplain_karyawan","idx_user_tanggal","1","1","user_id","A","0",NULL,,"BTREE"
"komplain_karyawan","idx_user_tanggal","1","2","tanggal","A","0",NULL,,"BTREE"
"komplain_karyawan","PRIMARY","0","1","id","A","0",NULL,,"BTREE"
"kpi_setting","PRIMARY","0","1","id","A","16",NULL,,"BTREE"
"kpi_setting","unique_key","0","1","key_setting","A","16",NULL,,"BTREE"
"levels","PRIMARY","0","1","id","A","7",NULL,,"BTREE"
"libur_nasional","dibuat_oleh","1","1","dibuat_oleh","A","1",NULL,"YES","BTREE"
"libur_nasional","PRIMARY","0","1","id","A","1",NULL,,"BTREE"
"libur_nasional_piket","libur_nasional_id","1","1","libur_nasional_id","A","2",NULL,,"BTREE"
"libur_nasional_piket","PRIMARY","0","1","id","A","2",NULL,,"BTREE"
"libur_nasional_piket","user_id","1","1","user_id","A","2",NULL,,"BTREE"
"log_bensin","log_bensin_driver_id_foreign","1","1","driver_id","A","0",NULL,,"BTREE"
"log_bensin","log_bensin_kendaraan_id_foreign","1","1","kendaraan_id","A","0",NULL,,"BTREE"
"log_bensin","log_bensin_tanggal_index","1","1","tanggal","A","0",NULL,,"BTREE"
"log_bensin","PRIMARY","0","1","id","A","0",NULL,,"BTREE"
"luar_kota","luar_kota_dibuat_oleh_foreign","1","1","dibuat_oleh","A","0",NULL,,"BTREE"
"luar_kota","luar_kota_tanggal_index","1","1","tanggal_mulai","A","0",NULL,,"BTREE"
"luar_kota","luar_kota_tanggal_index","1","2","tanggal_selesai","A","0",NULL,,"BTREE"
"luar_kota","luar_kota_user_id_foreign","1","1","user_id","A","0",NULL,,"BTREE"
"luar_kota","PRIMARY","0","1","id","A","0",NULL,,"BTREE"
"master_material","PRIMARY","0","1","id","A","232",NULL,,"BTREE"
"migrations","PRIMARY","0","1","id","A","11",NULL,,"BTREE"
"password_reset_tokens","PRIMARY","0","1","email","A","0",NULL,,"BTREE"
"pembayaran_project","id_project","1","1","id_project","A","0",NULL,,"BTREE"
"pembayaran_project","PRIMARY","0","1","id","A","0",NULL,,"BTREE"
"pipeline_followups","pipeline_followups_pipeline_lead_id_foreign","1","1","pipeline_lead_id","A","2",NULL,,"BTREE"
"pipeline_followups","pipeline_followups_user_id_foreign","1","1","user_id","A","2",NULL,,"BTREE"
"pipeline_followups","PRIMARY","0","1","id","A","2",NULL,,"BTREE"
"pipeline_leads","pipeline_leads_input_oleh_foreign","1","1","input_oleh","A","10",NULL,,"BTREE"
"pipeline_leads","PRIMARY","0","1","id","A","10",NULL,,"BTREE"
"poin_kinerja","idx_bulan_tahun","1","1","bulan","A","2",NULL,,"BTREE"
"poin_kinerja","idx_bulan_tahun","1","2","tahun","A","2",NULL,,"BTREE"
"poin_kinerja","PRIMARY","0","1","id","A","2",NULL,,"BTREE"
"poin_kinerja","unique_kpi_bulan","0","1","user_id","A","2",NULL,,"BTREE"
"poin_kinerja","unique_kpi_bulan","0","2","bulan","A","2",NULL,,"BTREE"
"poin_kinerja","unique_kpi_bulan","0","3","tahun","A","2",NULL,,"BTREE"
"potongan_insidental","PRIMARY","0","1","id","A","0",NULL,,"BTREE"
"projects","PRIMARY","0","1","id","A","3",NULL,,"BTREE"
"project_material","id_project","1","1","id_project","A","0",NULL,,"BTREE"
"project_material","PRIMARY","0","1","id","A","0",NULL,,"BTREE"
"project_tim","id_project","1","1","id_project","A","0",NULL,,"BTREE"
"project_tim","PRIMARY","0","1","id","A","0",NULL,,"BTREE"
"rab_addon","kode","0","1","kode","A","24",NULL,,"BTREE"
"rab_addon","PRIMARY","0","1","id","A","24",NULL,,"BTREE"
"rab_addon","uq_addon_nama","0","1","nama","A","24",NULL,,"BTREE"
"rab_approval","PRIMARY","0","1","id","A","12",NULL,,"BTREE"
"rab_approval_request","PRIMARY","0","1","id","A","2",NULL,,"BTREE"
"rab_approval_request","rab_id","1","1","rab_id","A","2",NULL,,"BTREE"
"rab_atap","kode","0","1","kode","A","15",NULL,,"BTREE"
"rab_atap","PRIMARY","0","1","id","A","15",NULL,,"BTREE"
"rab_evaluasi_notif","PRIMARY","0","1","id","A","0",NULL,,"BTREE"
"rab_header","nomor_rab","0","1","nomor_rab","A","6",NULL,"YES","BTREE"
"rab_header","PRIMARY","0","1","id","A","6",NULL,,"BTREE"
"rab_item","PRIMARY","0","1","id","A","21",NULL,,"BTREE"
"rab_item","rab_id","1","1","rab_id","A","21",NULL,,"BTREE"
"rab_items","id_project","1","1","id_project","A","0",NULL,,"BTREE"
"rab_items","PRIMARY","0","1","id","A","0",NULL,,"BTREE"
"rab_jenis_kerja","PRIMARY","0","1","id","A","5",NULL,,"BTREE"
"rab_jenis_kerja","uq_jeniskerja_nama","0","1","nama","A","5",NULL,,"BTREE"
"rab_katalog","PRIMARY","0","1","id","A","8",NULL,,"BTREE"
"rab_kondisi_kerja","PRIMARY","0","1","id","A","4",NULL,,"BTREE"
"rab_kondisi_kerja","uq_kondisi_nama","0","1","nama","A","4",NULL,,"BTREE"
"rab_kondisi_lokasi","kode","0","1","kode","A","7",NULL,,"BTREE"
"rab_kondisi_lokasi","PRIMARY","0","1","id","A","7",NULL,,"BTREE"
"rab_margin_setting","PRIMARY","0","1","id","A","8",NULL,,"BTREE"
"rab_margin_setting","produk_kode","0","1","produk_kode","A","8",NULL,,"BTREE"
"rab_paket_konstruksi","PRIMARY","0","1","id","A","12",NULL,,"BTREE"
"rab_produk","kode","0","1","kode","A","8",NULL,,"BTREE"
"rab_produk","PRIMARY","0","1","id","A","8",NULL,,"BTREE"
"rab_selisih","PRIMARY","0","1","id","A","0",NULL,,"BTREE"
"rab_selisih_komponen","PRIMARY","0","1","id","A","0",NULL,,"BTREE"
"rab_selisih_komponen","selisih_id","1","1","selisih_id","A","0",NULL,,"BTREE"
"rab_setting_global","PRIMARY","0","1","id","A","1",NULL,,"BTREE"
"rab_skill","PRIMARY","0","1","id","A","5",NULL,,"BTREE"
"rab_skill","uq_skill_nama","0","1","nama","A","5",NULL,,"BTREE"
"rab_ttd","PRIMARY","0","1","id","A","6",NULL,,"BTREE"
"rab_ttd","rab_id","0","1","rab_id","A","6",NULL,,"BTREE"
"rab_versi","PRIMARY","0","1","id","A","15",NULL,,"BTREE"
"rab_versi","rab_id","1","1","rab_id","A","15",NULL,,"BTREE"
"rab_zona_bentangan","PRIMARY","0","1","id","A","4",NULL,,"BTREE"
"rapor_karyawan","PRIMARY","0","1","id","A","0",NULL,,"BTREE"
"rapor_karyawan","unique_rapor","0","1","user_id","A","0",NULL,,"BTREE"
"rapor_karyawan","unique_rapor","0","2","periode","A","0",NULL,,"BTREE"
"rapor_karyawan","unique_rapor","0","3","tahun","A","0",NULL,,"BTREE"
"rate_kondisi","kode","0","1","kode","A","12",NULL,,"BTREE"
"rate_kondisi","PRIMARY","0","1","id","A","12",NULL,,"BTREE"
"registrasi_token","PRIMARY","0","1","id","A","16",NULL,,"BTREE"
"registrasi_token","registrasi_token_token_unique","0","1","token","A","16",NULL,,"BTREE"
"registrasi_token","registrasi_token_user_id_foreign","1","1","user_id","A","16",NULL,,"BTREE"
"riwayat_tabungan","PRIMARY","0","1","id","A","0",NULL,,"BTREE"
"sessions","PRIMARY","0","1","id","A","0",NULL,,"BTREE"
"sessions","sessions_last_activity_index","1","1","last_activity","A","0",NULL,,"BTREE"
"sessions","sessions_user_id_index","1","1","user_id","A","0",NULL,"YES","BTREE"
"slip_gaji","PRIMARY","0","1","id","A","16",NULL,,"BTREE"
"slip_gaji","slip_unik","0","1","user_id","A","16",NULL,,"BTREE"
"slip_gaji","slip_unik","0","2","periode","A","16",NULL,,"BTREE"
"slip_gaji","slip_unik","0","3","bulan","A","16",NULL,,"BTREE"
"slip_gaji","slip_unik","0","4","tahun","A","16",NULL,,"BTREE"
"sp_karyawan","fk_sp_konfirmasi","1","1","dikonfirmasi_oleh","A","0",NULL,"YES","BTREE"
"sp_karyawan","idx_sp_user","1","1","user_id","A","0",NULL,,"BTREE"
"sp_karyawan","idx_sp_user","1","2","status","A","0",NULL,"YES","BTREE"
"sp_karyawan","PRIMARY","0","1","id","A","0",NULL,,"BTREE"
"tabungan_karyawan","PRIMARY","0","1","id","A","6",NULL,,"BTREE"
"tabungan_karyawan","user_id","0","1","user_id","A","6",NULL,,"BTREE"
"tugas_assignee","PRIMARY","0","1","id","A","7",NULL,,"BTREE"
"tugas_assignee","tugas_assignee_status_index","1","1","status","A","7",NULL,,"BTREE"
"tugas_assignee","tugas_assignee_tugas_user_unique","0","1","tugas_id","A","7",NULL,,"BTREE"
"tugas_assignee","tugas_assignee_tugas_user_unique","0","2","user_id","A","7",NULL,,"BTREE"
"tugas_assignee","tugas_assignee_user_id_foreign","1","1","user_id","A","7",NULL,,"BTREE"
"tugas_harian","PRIMARY","0","1","id","A","2",NULL,,"BTREE"
"tugas_harian","tugas_harian_dibuat_oleh_foreign","1","1","dibuat_oleh","A","2",NULL,,"BTREE"
"tugas_harian","tugas_harian_tanggal_index","1","1","tanggal","A","2",NULL,,"BTREE"
"tunjangan_master","PRIMARY","0","1","id","A","5",NULL,,"BTREE"
"ujian_jawaban","fk_jawaban_soal","1","1","soal_id","A","20",NULL,,"BTREE"
"ujian_jawaban","PRIMARY","0","1","id","A","20",NULL,,"BTREE"
"ujian_jawaban","unique_jawaban","0","1","sesi_id","A","2",NULL,,"BTREE"
"ujian_jawaban","unique_jawaban","0","2","soal_id","A","20",NULL,,"BTREE"
"ujian_sesi","PRIMARY","0","1","id","A","0",NULL,,"BTREE"
"ujian_sesi","unique_sesi","0","1","user_id","A","0",NULL,,"BTREE"
"ujian_sesi","unique_sesi","0","2","periode","A","0",NULL,,"BTREE"
"ujian_sesi","unique_sesi","0","3","tahun","A","0",NULL,,"BTREE"
"ujian_soal","fk_soal_pembuat","1","1","dibuat_oleh","A","2",NULL,,"BTREE"
"ujian_soal","idx_soal_jabatan","1","1","jabatan_level","A","10",NULL,,"BTREE"
"ujian_soal","idx_soal_jabatan","1","2","is_aktif","A","10",NULL,"YES","BTREE"
"ujian_soal","PRIMARY","0","1","id","A","100",NULL,,"BTREE"
"users","PRIMARY","0","1","id","A","18",NULL,,"BTREE"
"users","users_email_unique","0","1","email","A","18",NULL,,"BTREE"
